62,5rink,1
12,Beverages,1
14,biscuit,1
15,biscuits,1
19,biuttercream cake,1
1,Bread,1
13,Bread & Resell,1
22,buttercream,1
55,buttercream 1mx 500,1
21,buttercream 1mx500,1
18,buttercream cake,1
56,buttercream cake 1mx500,1
32,buttercream cake round,1
25,buttercream cakes,1
20,buttercream figure,1
26,buttercream figure cake,1
33,buttercream round,1
37,buttercream square,1
38,buttercream square cake,1
2,Cake,1
16,candle,1
71,coconut wheel,1
53,consumables,1
10,Decorations,1
58,drink,1
66,equipment,1
73,equpment,1
43,exotic,1
42,exotic cakes,1
35,freashcream round,1
48,freshcream 1mx 500,1
39,freshcream black forest,1
28,freshcream blackforest,1
46,freshcream cake,1
34,freshcream cake round,1
47,freshcream cakes,1
57,freshcream cakes 1mx500 eggless,1
31,freshcream figure,1
30,freshcream figure cake,1
36,freshcream round,1
29,freshcream square,1
27,freshcream square black forest,1
70,freshcream square eggless,1
40,frsshcream square,1
52,fruit cak eround,1
49,fruit cake,1
50,fruit cake round,1
51,fruitcake round,1
59,ingredient,1
63,ingredients,1
61,juice,1
45,miscellaneous,1
44,miscellenous,1
17,novelty,1
64,packacing,1
9,Packaging,1
54,pest control,1
65,pie,1
60,platter,1
67,savoury,1
23,shop front,1
68,shpo front,1
69,snack,1
11,Sprinkles,1
72,sub recipe,1
74,subrecipe,1
24,sweet,1
41,wedding cake,1
